Workbook

Sheet 2020
A1: Tagged Mussels 2020
A3: Species | B3: Tag # | C3: Tag color | D3: Measurement (MM) | E3: Notes:
A4: A. varicosa | B4: K113 | C4: blue | D4: 22
A5: A. varicosa | B5: K114 | C5: blue | D5: 22
A6: A. varicosa | B6: K115 | C6: blue | D6: 21
A7: A. varicosa | B7: K116 | C7: blue | D7: 19
A8: A. varicosa | B8: K117 | C8: blue | D8: 18
A9: A. varicosa | B9: K118 | C9: blue | D9: 18
A10: A. varicosa | B10: K120 | C10: blue | D10: 15
A11: A. varicosa | B11: K121 | C11: blue | D11: 20
A12: A. varicosa | B12: K122 | C12: blue | D12: 19.5
A13: A. varicosa | B13: K123 | C13: blue | D13: 21
A14: A. varicosa | B14: K124 | C14: blue | D14: 21.5
A15: A. varicosa | B15: K125 | C15: blue | D15: 19
... A59: A. varicosa | B59: K170 | C59: blue | D59: 18
A60: A. varicosa | B60: K171 | C60: blue | D60: 20 | E60: *shell (post-tagging)
A61: A. varicosa | B61: K173 | C61: blue | D61: 19
A62: A. varicosa | B62: K174 | C62: blue | D62: 16
A63: A. varicosa | B63: K175 | C63: blue | D63: 22
A64: A. varicosa | B64: K176 | C64: blue | D64: 19.5
A65: A. varicosa | B65: K177 | C65: blue | D65: 17
A66: A. varicosa | B66: K178 | C66: blue | D66: 16.5
A67: A. varicosa | B67: K179 | C67: blue | D67: 20
A68: A. varicosa | B68: K180 | C68: blue | D68: 19
A69: A. varicosa | B69: K181 | C69: blue | D69: 17
A70: A. varicosa | B70: K182 | C70: blue | D70: 18
A71: A. varicosa | B71: K183 | C71: blue | D71: 16
A72: A. varicosa | B72: K184 | C72: blue | D72: 22
... A243: A. varicosa | B243: K361 | C243: blue | D243: 15
A244: A. varicosa | B244: K362 | C244: blue | D244: 18 | E244: *still at FMCC as of 8/2022
A245: A. varicosa | B245: K363 | C245: blue | D245: 15.5
A246: A. varicosa | B246: K364 | C246: blue | D246: 23
A247: A. varicosa | B247: K365 | C247: blue | D247: 21
A248: A. varicosa | B248: K366 | C248: blue | D248: 20.5
A249: A. varicosa | B249: K367 | C249: blue | D249: 18
A250: A. varicosa | B250: K368 | C250: blue | D250: 17.5
A251: A. varicosa | B251: K370 | C251: blue | D251: 20
A252: A. varicosa | B252: K371 | C252: blue | D252: 18
A253: A. varicosa | B253: K372 | C253: blue | D253: 16
A254: A. varicosa | B254: K373 | C254: blue | D254: 19
A255: A. varicosa | B255: K374 | C255: blue | D255: 16
A256: A. varicosa | B256: K375 | C256: blue | D256: 16
... A293: A. varicosa | B293: K412 | C293: blue | D293: 16
A294: A. varicosa | B294: K413 | C294: blue | E294: *no measurement taken
A295: A. varicosa | B295: K414 | C295: blue | D295: 17
A296: A. varicosa | B296: K415 | C296: blue | D296: 18
A297: A. varicosa | B297: K416 | C297: blue | D297: 15
A298: A. varicosa | B298: K417 | C298: blue | D298: 19
A299: A. varicosa | B299: K418 | C299: blue | D299: 15
A300: A. varicosa | B300: K419 | C300: blue | D300: 18
A301: A. varicosa | B301: K420 | C301: blue | D301: 19
A302: A. varicosa | B302: K421 | C302: blue | D302: 17
A303: A. varicosa | B303: K422 | C303: blue | D303: 16.5
A304: A. varicosa | B304: K423 | C304: blue | D304: 17
A305: A. varicosa | B305: K424 | C305: blue | D305: 19
A306: A. varicosa | B306: K425 | C306: blue | D306: 16
... A335: S. undulatus | B335: K369 | C335: blue | D335: 32
A337: L. cardium | C337: blue | D337: 20.6 | E337: *507 L. cardium were tagged and released with unnumbered blue tags; sample of 30 were measured and recorded here.
A338: L. cardium | C338: blue | D338: 19.8
A339: L. cardium | C339: blue | D339: 17.7
A340: L. cardium | C340: blue | D340: 20.4
A341: L. cardium | C341: blue | D341: 17.1
A342: L. cardium | C342: blue | D342: 18.9
A343: L. cardium | C343: blue | D343: 18.4
A344: L. cardium | C344: blue | D344: 18.1
A345: L. cardium | C345: blue | D345: 17.3
A346: L. cardium | C346: blue | D346: 16.7
A347: L. cardium | C347: blue | D347: 17.6
A348: L. cardium | C348: blue | D348: 18.3
A349: L. cardium | C349: blue | D349: 17.3
... A366: L. cardium | C366: blue | D366: 17.7
A368: E. complanata | C368: blue | D368: 24.4 | E368: *E. complanata tagged with unnumbered blue tags. All measured and recorded here.
A369: E. complanata | C369: blue | D369: 22.5
A370: E. complanata | C370: blue | D370: 24.6
A371: E. complanata | C371: blue | D371: 24.5
A372: E. complanata | C372: blue | D372: 23.4
A373: E. complanata | C373: blue | D373: 22.5
A374: E. complanata | C374: blue | D374: 19.7
A375: E. complanata | C375: blue | D375: 20.7
A376: E. complanata | C376: blue | D376: 17.9
A377: E. complanata | C377: blue | D377: 18.4
A378: E. complanata | C378: blue | D378: 18.8
A379: E. complanata | C379: blue | D379: 19.3
A380: E. complanata | C380: blue | D380: 22.6
... A431: E. complanata | C431: blue | D431: 19.5

Sheet 2021
A1: Tagged Mussels Fall 2021
A3: Date | B3: Species | C3: Tag # | D3: Tag color | E3: Measurement (MM) | F3: Notes:
A4: 44481 | B4: Lampsilis cardium | C4: A003 | D4: pink | E4: 13.8
A5: 44481 | B5: Lampsilis cardium | C5: A004 | D5: pink | E5: 14.5
A6: 44481 | B6: Lampsilis cardium | C6: A006 | D6: pink | E6: 14.7
A7: 44481 | B7: Lampsilis cardium | C7: A007 | D7: pink | E7: 16.8
A8: 44481 | B8: Lampsilis cardium | C8: A009 | D8: pink | E8: 22.5
A9: 44481 | B9: Lampsilis cardium | C9: A011 | D9: pink | E9: 15.3
A10: 44481 | B10: Lampsilis cardium | C10: A014 | D10: pink | E10: 19.2
A11: 44481 | B11: Lampsilis cardium | C11: A016 | D11: pink | E11: 13.1
A12: 44481 | B12: Lampsilis cardium | C12: A020 | D12: pink | E12: 16.2
A13: 44481 | B13: Lampsilis cardium | C13: A023 | D13: pink | E13: 15.5
A14: 44481 | B14: Lampsilis cardium | C14: A025 | D14: pink | E14: 18.8
A15: 44481 | B15: Lampsilis cardium | C15: A028 | D15: pink | E15: 17.5
... A220: 44488 | B220: Lampsilis cardium | C220: A323 | D220: pink | E220: 15.2
A221: 44488 | B221: Lampsilis cardium | C221: A324 | D221: pink | E221: 17 | F221: Not released (remaining at FMCC)
A222: 44488 | B222: Lampsilis cardium | C222: A325 | D222: pink | E222: 15.5
A223: 44488 | B223: Lampsilis cardium | C223: A326 | D223: pink | E223: 13.9
A224: 44488 | B224: Lampsilis cardium | C224: A327 | D224: pink | E224: 11.7
A225: 44488 | B225: Lampsilis cardium | C225: A328 | D225: pink | E225: 13.5
A226: 44488 | B226: Lampsilis cardium | C226: A329 | D226: pink | E226: 13.9
A227: 44488 | B227: Lampsilis cardium | C227: A330 | D227: pink | E227: 16.7
A228: 44488 | B228: Lampsilis cardium | C228: A331 | D228: pink | E228: 16.4
A229: 44488 | B229: Lampsilis cardium | C229: A332 | D229: pink | E229: 17.3
A230: 44488 | B230: Lampsilis cardium | C230: A333 | D230: pink | E230: 17.8
A231: 44488 | B231: Lampsilis cardium | C231: A334 | D231: pink | E231: 14.6
A232: 44488 | B232: Lampsilis cardium | C232: A335 | D232: pink | E232: 14.6
A233: 44488 | B233: Lampsilis cardium | C233: A336 | D233: pink | E233: 14.5
... A244: 44488 | B244: Lampsilis cardium | C244: A347 | D244: pink | E244: 12.8
A245: 44489 | B245: Alasmidonta varicosa | C245: A348 | D245: pink | E245: 14.3 | F245: Species ID tentative
A246: 44489 | B246: Lampsilis cardium | C246: A349 | D246: pink | E246: 17
A247: 44489 | B247: Lampsilis cardium | C247: A350 | D247: pink | E247: 16.1
A248: 44489 | B248: Lampsilis cardium | C248: A351 | D248: pink | E248: 15.1
A249: 44489 | B249: Lampsilis cardium | C249: A352 | D249: pink | E249: 12.8
A250: 44489 | B250: Lampsilis cardium | C250: A353 | D250: pink | E250: 13.8
A251: 44489 | B251: Lampsilis cardium | C251: A354 | D251: pink | E251: 18
A252: 44489 | B252: Lampsilis cardium | C252: A355 | D252: pink | E252: 16.4
A253: 44489 | B253: Lampsilis cardium | C253: A356 | D253: pink | E253: 19.2
A254: 44489 | B254: Lampsilis cardium | C254: A357 | D254: pink | E254: 13.6
A255: 44489 | B255: Alasmidonta undulata | C255: A359 | D255: pink | E255: 22.3 | F255: Species ID tentative
A256: 44489 | B256: Alasmidonta undulata | C256: A360 | D256: pink | E256: 16.8 | F256: Species ID tentative
A257: 44489 | B257: Lampsilis cardium | C257: A361 | D257: pink | E257: 15.8
A258: 44489 | B258: Lampsilis cardium | C258: A362 | D258: pink | E258: 16.9
A259: 44489 | B259: Alasmidonta varicosa | C259: A363 | D259: pink | E259: 17.4 | F259: Species ID tentative
A260: 44489 | B260: Alasmidonta varicosa | C260: A364 | D260: pink | E260: 19.1 | F260: Species ID tentative
A261: 44489 | B261: Elliptio complanata | C261: A365 | D261: pink | E261: 25.9 | F261: Species ID tentative
A262: 44489 | B262: Alasmidonta undulata | C262: A366 | D262: pink | E262: 19.7 | F262: Species ID tentative
A263: 44489 | B263: Alasmidonta undulata | C263: A367 | D263: pink | E263: 16.7 | F263: Species ID tentative
A264: 44489 | B264: Alasmidonta undulata | C264: A368 | D264: pink | E264: 14.4 | F264: Species ID tentative
A265: 44489 | B265: Alasmidonta undulata | C265: A369 | D265: pink | E265: 13.8 | F265: Species ID tentative
A266: 44489 | B266: Alasmidonta varicosa | C266: A370 | D266: pink | E266: 17.3 | F266: Species ID tentative
A267: 44489 | B267: Lampsilis cardium | C267: A371 | D267: pink | E267: 19.1
A268: 44489 | B268: Lampsilis cardium | C268: A372 | D268: pink | E268: 16.8
A269: 44489 | B269: Elliptio complanata | C269: A373 | D269: pink | E269: 18.1 | F269: Species ID tentative
A270: 44489 | B270: Lampsilis cardium | C270: A374 | D270: pink | E270: 15.9
A271: 44489 | B271: Lampsilis cardium | C271: A375 | D271: pink | E271: 15.5
A272: 44489 | B272: Lampsilis cardium | C272: A377 | D272: pink | E272: 19.3
A273: 44489 | B273: Alasmidonta undulata | C273: A378 | D273: pink | E273: 15.4 | F273: Species ID tentative
A274: 44489 | B274: Lampsilis cardium | C274: A379 | D274: pink | E274: 12.8
A275: 44489 | B275: Elliptio complanata | C275: A381 | D275: pink | E275: 23 | F275: Species ID tentative
A276: 44489 | B276: Alasmidonta varicosa | C276: A382 | D276: pink | E276: 16.4 | F276: Species ID tentative
A277: 44489 | B277: Alasmidonta varicosa | C277: A384 | D277: pink | E277: 15 | F277: Species ID tentative
A278: 44489 | B278: Lampsilis cardium | C278: A385 | D278: pink | E278: 13.7
A279: 44489 | B279: Lampsilis cardium | C279: A386 | D279: pink | E279: 13.1
A280: 44489 | B280: Lampsilis cardium | C280: A387 | D280: pink | E280: 14.5
A281: 44489 | B281: Lampsilis cardium | C281: A388 | D281: pink | E281: 16.2
A282: 44489 | B282: Lampsilis cardium | C282: A389 | D282: pink | E282: 20.4
A283: 44489 | B283: Alasmidonta undulata | C283: A390 | D283: pink | E283: 15.5 | F283: Species ID tentative
A284: 44489 | B284: Lampsilis cardium | C284: A391 | D284: pink | E284: 17.6
A285: 44489 | B285: Lampsilis cardium | C285: A393 | D285: pink | E285: 16.3
A286: 44489 | B286: Elliptio complanata | C286: A396 | D286: pink | E286: 22.1 | F286: Species ID tentative
A287: 44489 | B287: Lampsilis cardium | C287: A397 | D287: pink | E287: 14.6
A288: 44489 | B288: Elliptio complanata | C288: A398 | D288: pink | E288: 25.1 | F288: Species ID tentative
A289: 44489 | B289: Lampsilis cardium | C289: A399 | D289: pink | E289: 18.7
A290: 44489 | B290: Lampsilis cardium | C290: A400 | D290: pink | E290: 15.2
A291: 44489 | B291: Lampsilis cardium | C291: A401 | D291: pink | E291: 16.3
A292: 44490 | B292: Lampsilis cardium | C292: A402 | D292: pink | E292: 19.5
A293: 44490 | B293: Lampsilis cardium | C293: A403 | D293: pink | E293: 16.3
A294: 44490 | B294: Lampsilis cardium | C294: A404 | D294: pink | E294: 15.7
A295: 44490 | B295: Alasmidonta varicosa | C295: A406 | D295: pink | E295: 16.1 | F295: Species ID tentative
A296: 44490 | B296: Lampsilis cardium | C296: A407 | D296: pink | E296: 10.6
A297: 44490 | B297: Alasmidonta undulata | C297: A409 | D297: pink | E297: 17.8 | F297: Species ID tentative
A298: 44490 | B298: Lampsilis cardium | C298: A410 | D298: pink | E298: 17.7
A299: 44490 | B299: Lampsilis cardium | C299: A411 | D299: pink | E299: 11.5
A300: 44490 | B300: Alasmidonta varicosa | C300: A412 | D300: pink | E300: 16.8 | F300: Species ID tentative
A301: 44490 | B301: Lampsilis cardium | C301: A413 | D301: pink | E301: 17.5
A302: 44490 | B302: Lampsilis cardium | C302: A414 | D302: pink | E302: 12.2
A303: 44490 | B303: Alasmidonta varicosa | C303: A415 | D303: pink | E303: 16.5 | F303: Species ID tentative
A304: 44490 | B304: Lampsilis cardium | C304: A416 | D304: pink | E304: 11
A305: 44490 | B305: Lampsilis cardium | C305: A417 | D305: pink | E305: 10.9
A306: 44490 | B306: Lampsilis cardium | C306: A418 | D306: pink | E306: 10.3
A307: 44490 | B307: Alasmidonta varicosa | C307: A419 | D307: pink | E307: 16 | F307: Species ID tentative
A308: 44490 | B308: Alasmidonta undulata | C308: A420 | D308: pink | E308: 18.9 | F308: Species ID tentative
A309: 44490 | B309: Lampsilis cardium | C309: A421 | D309: pink | E309: 14.9
A310: 44490 | B310: Lampsilis cardium | C310: A422 | D310: pink | E310: 10.4
A311: 44490 | B311: Alasmidonta varicosa | C311: A423 | D311: pink | E311: 18.3 | F311: Species ID tentative
A312: 44490 | B312: Alasmidonta undulata | C312: A424 | D312: pink | E312: 13.1 | F312: Species ID tentative
A313: 44490 | B313: Elliptio complanata | C313: A426 | D313: pink | E313: 21.7 | F313: Species ID tentative
A314: 44490 | B314: Lampsilis cardium | C314: A427 | D314: pink | E314: 13.8
A315: 44490 | B315: Lampsilis cardium | C315: A428 | D315: pink | E315: 22.9
...

Sheet 2022 summary
A1: 2022 Mussel Release Summary
A3: Species | B3: Total Count | C3: Min. Size | D3: Max. Size | E3: Average Size
A4: Alasmidonta undulata | B4: ='2022 (8-4)'!C60+'2022 (9-1)'!C23+'2022 (10-7)'!C11+'2022 (10-25)'!C13+1 -> 80 | C4: =MIN('2022 (8-4)'!E7:E59, '2022 (9-1)'!E7:E22,'2022 (10-7)'!E7:E10,'2022 (10-14)'!E7,'2022 (10-25)'!E7:E12) -> 12.9 | D4: =MAX('2022 (8-4)'!E7:E59, '2022 (9-1)'!E7:E22,'2022 (10-7)'!E7:E10,'2022 (10-14)'!E7,'2022 (10-25)'!E7:E12) -> 30 | E4: =AVERAGE('2022 (8-4)'!E60,'2022 (9-1)'!E23,'2022 (10-7)'!E11,'2022 (10-14)'!E7,'2022 (10-25)'!E13) -> 15.352241
A5: Alasmidonta varicosa | B5: ='2022 (8-4)'!C82+'2022 (9-1)'!C28+'2022 (10-25)'!C31 -> 39 | C5: =MIN('2022 (8-4)'!E62:E81,'2022 (9-1)'!E25:E27,'2022 (10-25)'!E15:E30) -> 10.7 | D5: =MAX('2022 (8-4)'!E62:E81,'2022 (9-1)'!E25:E27,'2022 (10-25)'!E15:E30) -> 27.3 | E5: =AVERAGE('2022 (8-4)'!E82,'2022 (9-1)'!E28,'2022 (10-25)'!E31) -> 18.677222
A6: Elliptio complanata | B6: ='2022 (8-4)'!C223+'2022 (10-14)'!C390+'2022 (10-25)'!C254 -> 737 | C6: =MIN('2022 (8-4)'!E85:E222,'2022 (10-14)'!E9:E389,'2022 (10-25)'!E33:E253) -> 10.5 | D6: =MAX('2022 (8-4)'!E85:E222,'2022 (10-14)'!E9:E389,'2022 (10-25)'!E33:E253) -> 44 | E6: =AVERAGE('2022 (8-4)'!E223,'2022 (10-14)'!E390,'2022 (10-25)'!E254) -> 20.21192
A7: Strophitus undulatus | B7: ='2022 (8-4)'!C231+'2022 (9-1)'!C949 -> 24 | C7: =MIN('2022 (8-4)'!E225:E230,'2022 (9-1)'!E932:E948) -> 12.4 | D7: =MAX('2022 (8-4)'!E225:E230,'2022 (9-1)'!E932:E948) -> 33.1 | E7: =AVERAGE('2022 (8-4)'!E231,'2022 (9-1)'!E949) -> 25.015686
A8: Lampsilis cardium | B8: =SUM('2022 (8-4)'!C539,'2022 (9-1)'!C930,'2022 (10-7)'!C794,'2022 (10-14)'!C493,'2022 (10-25)'!C466) -> 4123 | C8: =MIN('2022 (8-4)'!E234:E538,'2022 (9-1)'!E30:E929,'2022 (10-7)'!E13:E793,'2022 (10-14)'!E392:E492,'2022 (10-25)'!E256:E465) -> 9.5 | D8: =MAX('2022 (8-4)'!E234:E538,'2022 (9-1)'!E30:E929,'2022 (10-7)'!E13:E793,'2022 (10-14)'!E392:E492,'2022 (10-25)'!E256:E465) -> 35 | E8: =AVERAGE('2022 (8-4)'!E539,'2022 (9-1)'!E930,'2022 (10-7)'!E794,'2022 (10-14)'!E493,'2022 (10-25)'!E466) -> 16.679093
A10: Grand Total: | B10: =SUM(B4:B8) -> 5003

Sheet 2022 (8-4)
A1: Tagged Mussels Summer 2022
A2: Release Date: | C2: 44777 | E2: Release Site: | F2: South Fork Shenandoah
E3: Conditions: | F3: Sunny weather (74 degrees fahrenheit), clear water, moderately shallow; Discharge= 820 ft3/s
E4: Personnel: | F4: J. Jones, K. Howard, D. Mercer
A6: Date | B6: Species | C6: Tag # | D6: Tag color | E6: Measurement (MM) | F6: Notes:
A7: 44775 | B7: A. undulata | C7: K620 | D7: Blue | E7: 17.2
A8: 44776 | B8: A. undulata | C8: K769 | D8: Blue | E8: 15.6
A9: 44776 | B9: A. undulata | C9: K771 | D9: Blue | E9: 17
A10: 44776 | B10: A. undulata | C10: K772 | D10: Blue | E10: 19
A11: 44776 | B11: A. undulata | C11: K773 | D11: Blue | E11: 17.5
A12: 44776 | B12: A. undulata | C12: K774 | D12: Blue | E12: 16
A13: 44776 | B13: A. undulata | C13: K775 | D13: Blue | E13: 16
A14: 44776 | B14: A. undulata | C14: K776 | D14: Blue | E14: 19.5
A15: 44776 | B15: A. undulata | C15: K777 | D15: Blue | E15: 16
A16: 44776 | B16: A. undulata | C16: K778 | D16: Blue | E16: 18
A17: 44776 | B17: A. undulata | C17: K779 | D17: Blue | E17: 24
A18: 44776 | B18: A. undulata | C18: K780 | D18: Blue | E18: 15
... A59: 44776 | B59: A. undulata | C59: K831 | D59: Blue | E59: 16
B60: Count: | C60: =COUNT(E7:E59) -> 53 | D60: Average: | E60: =AVERAGE(E7:E59) -> 17.392453
A62: 44775 | B62: A. varicosa | C62: K578 | D62: Blue | E62: 23
A63: 44775 | B63: A. varicosa | C63: K595 | D63: Blue | E63: 21.2
A64: 44775 | B64: A. varicosa | C64: K600 | D64: Blue | E64: 23.6
A65: 44775 | B65: A. varicosa | C65: K602 | D65: Blue | E65: 15
A66: 44775 | B66: A. varicosa | C66: K609 | D66: Blue | E66: 27.3
A67: 44775 | B67: A. varicosa | C67: K612 | D67: Blue | E67: 26.1
A68: 44775 | B68: A. varicosa | C68: K616 | D68: Blue | E68: 19.7
A69: 44775 | B69: A. varicosa | C69: K617 | D69: Blue | E69: 22.6
A70: 44775 | B70: A. varicosa | C70: K619 | D70: Blue | E70: 20.2
A71: 44776 | B71: A. varicosa | C71: K770 | D71: Blue | E71: 17.1
A72: 44776 | B72: A. varicosa | C72: K784 | D72: Blue | E72: 17
A73: 44776 | B73: A. varicosa | C73: K786 | D73: Blue | E73: 16.5
... A81: 44776 | B81: A. varicosa | C81: K819 | D81: Blue | E81: 16.5
B82: Count: | C82: =COUNT(E62:E81) -> 20 | D82: Average: | E82: =AVERAGE(E62:E81) -> 20.24
A85: 44775 | B85: E. complanata | C85: K566 | D85: Blue | E85: 36.6
A86: 44775 | B86: E. complanata | C86: K567 | D86: Blue | E86: 32.5
A87: 44775 | B87: E. complanata | C87: K568 | D87: Blue | E87: 34
A88: 44775 | B88: E. complanata | C88: K569 | D88: Blue | E88: 32.2
A89: 44775 | B89: E. complanata | C89: K570 | D89: Blue | E89: 31.3
A90: 44775 | B90: E. complanata | C90: K571 | D90: Blue | E90: 33.4
A91: 44775 | B91: E. complanata | C91: K572 | D91: Blue | E91: 31.8
A92: 44775 | B92: E. complanata | C92: K574 | D92: Blue | E92: 28.3
A93: 44775 | B93: E. complanata | C93: K573 | D93: Blue | E93: 29
A94: 44775 | B94: E. complanata | C94: K576 | D94: Blue | E94: 33.8
A95: 44775 | B95: E. complanata | C95: K575 | D95: Blue | E95: 31.7
A96: 44775 | B96: E. complanata | C96: K577 | D96: Blue | E96: 30.5
... A222: 44775 | B222: E. complanata | C222: K718 | D222: Blue | E222: 17.4
B223: Count: | C223: 137 | D223: Average: | E223: =AVERAGE(E85:E222) -> 26.055072 | F223: *one mussel with the tag K68* is S. undulatus but the last digit is not known
A225: 44775 | B225: S. undulatus | C225: K565 | D225: Blue | E225: 28.9
A226: 44775 | B226: S. undulatus | C226: K582 | D226: Blue | E226: 29.6
A227: 44775 | B227: S. undulatus | C227: K641 | D227: Blue | E227: 20.7
A228: 44775 | B228: S. undulatus | C228: K596 | D228: Blue | E228: 27.1
A229: 44775 | B229: S. undulatus | C229: K628 | D229: Blue | E229: 30.2 | F229: *ID not 100% certain
A230: 44775 | B230: S. undulatus | C230: K606 | D230: Blue | E230: 33.1
B231: Count: | C231: 7 | D231: Average: | E231: =AVERAGE(E225:E230) -> 28.266667 | F231: *one mussel with the tag K68* is S. undulatus but the last digit is not known
A234: 44775 | B234: L. cardium | C234: K720 | D234: Blue | E234: 24.9
A235: 44775 | B235: L. cardium | C235: K721 | D235: Blue | E235: 20.5
A236: 44775 | B236: L. cardium | C236: K722 | D236: Blue | E236: 22.8
A237: 44775 | B237: L. cardium | C237: K725 | D237: Blue | E237: 18.1
A238: 44775 | B238: L. cardium | C238: K727 | D238: Blue | E238: 19.3
A239: 44775 | B239: L. cardium | C239: K723 | D239: Blue | E239: 26.2
A240: 44775 | B240: L. cardium | C240: K724 | D240: Blue | E240: 23.6
A241: 44775 | B241: L. cardium | C241: K726 | D241: Blue | E241: 24.5
A242: 44775 | B242: L. cardium | C242: K728 | D242: Blue | E242: 26.2
A243: 44775 | B243: L. cardium | C243: K729 | D243: Blue | E243: 26.4
A244: 44775 | B244: L. cardium | C244: K730 | D244: Blue | E244: 16.7
A245: 44775 | B245: L. cardium | C245: K731 | D245: Blue | E245: 17.3
... A538: 44776 | B538: L. cardium | C538: X088 | D538: Blue | E538: 18
B539: Count: | C539: =COUNT(E234:E538) -> 305 | D539: Average: | E539: =AVERAGE(E234:E538) -> 20.267213
B543: Total count: | C543: =+C539+C223+C82+C60 -> 515

Sheet 2022 (9-1)
A1: Tagged Mussels Summer 2022
A2: Release Date: | C2: 44805 | E2: Release Site: | F2: South Fork Shenandoah
E3: Conditions: | F3: Sunny weather (79 degrees fahrenheit), clear water, moderately shallow; Discharge= 440 ft3/s
E4: Personnel: | F4: I. Boyce, K. Howard, D. Mercer
A6: Date | B6: Species | C6: Tag # | D6: Tag color | E6: Measurement (MM) | F6: Notes:
A7: 44796 | B7: A. undulata | C7: X096 | D7: Blue | E7: 21
A8: 44796 | B8: A. undulata | C8: X097 | D8: Blue | E8: 16
A9: 44796 | B9: A. undulata | C9: X098 | D9: Blue | E9: 13.6
A10: 44796 | B10: A. undulata | C10: X099 | D10: Blue | E10: 13
A11: 44796 | B11: A. undulata | C11: X100 | D11: Blue | E11: 13.7
A12: 44796 | B12: A. undulata | C12: X101 | D12: Blue | E12: 13.3
A13: 44796 | B13: A. undulata | C13: X158 | D13: Blue | E13: 13.5
A14: 44796 | B14: A. undulata | C14: X159 | D14: Blue | E14: 16
A15: 44796 | B15: A. undulata | C15: X160 | D15: Blue | E15: 14.9
A16: 44796 | B16: A. undulata | C16: X161 | D16: Blue | E16: 13.1
A17: 44796 | B17: A. undulata | C17: X162 | D17: Blue | E17: 15.2
A18: 44796 | B18: A. undulata | C18: X163 | D18: Blue | E18: 15.5
... A22: 44798 | B22: A. undulata | C22: X440 | D22: Blue | E22: 30
B23: Count: | C23: =COUNTA(C7:C22) -> 16 | D23: Average: | E23: =AVERAGE(E7:E22) -> 16.16875
A25: 44798 | B25: A. varicosa | C25: X437 | D25: Blue | E25: 21
A26: 44798 | B26: A. varicosa | C26: X438 | D26: Blue | E26: 23.5
A27: 44798 | B27: A. varicosa | C27: K362 | D27: Blue | E27: 23.5 | F27: Had been previously tagged but had not been released yet.
B28: Count: | C28: =COUNTA(C25:C27) -> 3 | D28: Average: | E28: =AVERAGE(E25:E27) -> 22.666667
A30: 44796 | B30: L. cardium | C30: X089 | D30: Blue | E30: 14.8
A31: 44796 | B31: L. cardium | C31: X090 | D31: Blue | E31: 17
A32: 44796 | B32: L. cardium | C32: X091 | D32: Blue | E32: 13
A33: 44796 | B33: L. cardium | C33: X092 | D33: Blue | E33: 13
A34: 44796 | B34: L. cardium | C34: X093 | D34: Blue | E34: 15
A35: 44796 | B35: L. cardium | C35: X094 | D35: Blue | E35: 20
A36: 44796 | B36: L. cardium | C36: X095 | D36: Blue | E36: 13.9
A37: 44796 | B37: L. cardium | C37: X102 | D37: Blue | E37: 30
A38: 44796 | B38: L. cardium | C38: X103 | D38: Blue | E38: 14.8
A39: 44796 | B39: L. cardium | C39: X104 | D39: Blue | E39: 13
A40: 44796 | B40: L. cardium | C40: X105 | D40: Blue | E40: 18
A41: 44796 | B41: L. cardium | C41: X106 | D41: Blue | E41: 16.1
... A71: 44796 | B71: L. cardium | C71: X136 | D71: Blue | E71: 13.7
A72: 44796 | B72: L. cardium | C72: X137 | D72: Blue | E72: 14 | F72: *shell (post-tagging)
A73: 44796 | B73: L. cardium | C73: X138 | D73: Blue | E73: 13.1
A74: 44796 | B74: L. cardium | C74: X139 | D74: Blue | E74: 14.8
A75: 44796 | B75: L. cardium | C75: X140 | D75: Blue | E75: 14.9
A76: 44796 | B76: L. cardium | C76: X141 | D76: Blue | E76: 12.8
A77: 44796 | B77: L. cardium | C77: X142 | D77: Blue | E77: 13
A78: 44796 | B78: L. cardium | C78: X143 | D78: Blue | E78: 12.3
A79: 44796 | B79: L. cardium | C79: X144 | D79: Blue | E79: 15
A80: 44796 | B80: L. cardium | C80: X145 | D80: Blue | E80: 14.5
A81: 44796 | B81: L. cardium | C81: X146 | D81: Blue | E81: 14.4
A82: 44796 | B82: L. cardium | C82: X147 | D82: Blue | E82: 14.1
A83: 44796 | B83: L. cardium | C83: X148 | D83: Blue | E83: 13
A84: 44796 | B84: L. cardium | C84: X149 | D84: Blue | E84: 13
... A759: 44803 | B759: L. cardium | C759: X854 | D759: Blue | E759: 13.4
A760: 44803 | B760: L. cardium | C760: X855 | D760: Blue | E760: 12.6 | F760: *shell (post-tagging)
A761: 44803 | B761: L. cardium | C761: X856 | D761: Blue | E761: 13.8
A762: 44803 | B762: L. cardium | C762: X857 | D762: Blue | E762: 13.1
A763: 44803 | B763: L. cardium | C763: X858 | D763: Blue | E763: 12.8
A764: 44803 | B764: L. cardium | C764: X859 | D764: Blue | E764: 13.3
A765: 44803 | B765: L. cardium | C765: X860 | D765: Blue | E765: 13
A766: 44803 | B766: L. cardium | C766: X861 | D766: Blue | E766: 12.9
A767: 44803 | B767: L. cardium | C767: X862 | D767: Blue | E767: 12.5
A768: 44803 | B768: L. cardium | C768: X863 | D768: Blue | E768: 15
A769: 44803 | B769: L. cardium | C769: X864 | D769: Blue | E769: 12.8
A770: 44803 | B770: L. cardium | C770: X865 | D770: Blue | E770: 12.5
A771: 44803 | B771: L. cardium | C771: X866 | D771: Blue | E771: 13
A772: 44803 | B772: L. cardium | C772: X867 | D772: Blue | E772: 12.4
... A929: 44804 | B929: L. cardium | C929: B024 | D929: Blue | E929: 13
B930: Count: | C930: 898 | D930: Average: | E930: =AVERAGE(E30:E929) -> 14.679667
A932: 44798 | B932: S. undulatus | C932: X441 | D932: Blue | E932: 21.5
A933: 44798 | B933: S. undulatus | C933: X442 | D933: Blue | E933: 24.5
A934: 44798 | B934: S. undulatus | C934: X443 | D934: Blue | E934: 12.4
A935: 44798 | B935: S. undulatus | C935: X444 | D935: Blue | E935: 20
A936: 44798 | B936: S. undulatus | C936: X445 | D936: Blue | E936: 28.5
A937: 44798 | B937: S. undulatus | C937: X446 | D937: Blue | E937: 23.1
A938: 44798 | B938: S. undulatus | C938: X447 | D938: Blue | E938: 24.5
A939: 44798 | B939: S. undulatus | C939: X448 | D939: Blue | E939: 28.9
A940: 44798 | B940: S. undulatus | C940: X449 | D940: Blue | E940: 21.8
A941: 44798 | B941: S. undulatus | C941: X450 | D941: Blue | E941: 26
A942: 44798 | B942: S. undulatus | C942: X451 | D942: Blue | E942: 23
A943: 44798 | B943: S. undulatus | C943: X452 | D943: Blue | E943: 22.9
... A948: 44798 | B948: S. undulatus | C948: X457 | D948: Blue | E948: 19.5
B949: Count: | C949: =COUNTA(C932:C948) -> 17 | D949: Average: | E949: =AVERAGE(E932:E948) -> 21.764706
B952: Total Count: | C952: =SUM(C949+C930+C28+C23) -> 934

Sheet 2022 (10-7)
A1: Tagged Mussels Summer 2022
A2: Release Date: | C2: 44841 | E2: Release Site: | F2: South Fork Shenandoah (38.84413, -78.33766)
E3: Conditions: | F3: Sunny weather (75 degrees fahrenheit), clear water, moderately shallow; Discharge= 873 ft3/s
E4: Personnel: | F4: I. Boyce, K. Howard, D. Mercer
A6: Date | B6: Species | C6: Tag # | D6: Tag color | E6: Measurement (MM) | F6: Notes:
A7: 44833 | B7: A. undulata | C7: B918 | D7: Blue | E7: 15.3
A8: 44833 | B8: A. undulata | C8: B919 | D8: Blue | E8: 13.7
A9: 44833 | B9: A. undulata | C9: B920 | D9: Blue | E9: 15.2
A10: 44833 | B10: A. undulata | C10: B921 | D10: Blue | E10: 15.6
B11: Count: | C11: 4 | D11: Average: | E11: =AVERAGE(E7:E10) -> 14.95
A13: 44826 | B13: L. cardium | C13: B025 | D13: Blue | E13: 18.1
A14: 44826 | B14: L. cardium | C14: B026 | D14: Blue | E14: 17.4
A15: 44826 | B15: L. cardium | C15: B027 | D15: Blue | E15: 16.6
A16: 44826 | B16: L. cardium | C16: B028 | D16: Blue | E16: 17.1
A17: 44826 | B17: L. cardium | C17: B029 | D17: Blue | E17: 22
A18: 44826 | B18: L. cardium | C18: B030 | D18: Blue | E18: 18.7
A19: 44826 | B19: L. cardium | C19: B031 | D19: Blue | E19: 16.6
A20: 44826 | B20: L. cardium | C20: B032 | D20: Blue | E20: 19.1
A21: 44826 | B21: L. cardium | C21: B033 | D21: Blue | E21: 15.8
A22: 44826 | B22: L. cardium | C22: B034 | D22: Blue | E22: 18.2
A23: 44826 | B23: L. cardium | C23: B035 | D23: Blue | E23: 17.9
A24: 44826 | B24: L. cardium | C24: B036 | D24: Blue | E24: 20.2
... A371: 44830 | B371: L. cardium | C371: B383 | D371: Blue | E371: 16.1
A372: 44830 | B372: L. cardium | C372: B384 | D372: Blue | E372: 12.6 | F372: *shell (post-tagging)
A373: 44830 | B373: L. cardium | C373: B385 | D373: Blue | E373: 14.2
A374: 44830 | B374: L. cardium | C374: B386 | D374: Blue | E374: 14.4
A375: 44830 | B375: L. cardium | C375: B387 | D375: Blue | E375: 13
A376: 44830 | B376: L. cardium | C376: B388 | D376: Blue | E376: 13.8
A377: 44830 | B377: L. cardium | C377: B389 | D377: Blue | E377: 12.8
A378: 44830 | B378: L. cardium | C378: B390 | D378: Blue | E378: 17.7
A379: 44830 | B379: L. cardium | C379: B391 | D379: Blue | E379: 17.7
A380: 44830 | B380: L. cardium | C380: B392 | D380: Blue | E380: 17
A381: 44830 | B381: L. cardium | C381: B393 | D381: Blue | E381: 16.4
A382: 44830 | B382: L. cardium | C382: B394 | D382: Blue | E382: 15.2
A383: 44830 | B383: L. cardium | C383: B395 | D383: Blue | E383: 13.3
A384: 44830 | B384: L. cardium | C384: B396 | D384: Blue | E384: 15.3
... A407: 44830 | B407: L. cardium | C407: B419 | D407: Blue | E407: 11.9
A408: 44830 | B408: L. cardium | C408: B420 | D408: Blue | E408: 11.4 | F408: *Left behind at FMCC; released on 10/25/22 with later tagged mussels
A409: 44830 | B409: L. cardium | C409: B421 | D409: Blue | E409: 13.2
A410: 44830 | B410: L. cardium | C410: B422 | D410: Blue | E410: 15.5
A411: 44830 | B411: L. cardium | C411: B423 | D411: Blue | E411: 14.6
A412: 44830 | B412: L. cardium | C412: B424 | D412: Blue | E412: 12.2
A413: 44830 | B413: L. cardium | C413: B425 | D413: Blue | E413: 12.9
A414: 44830 | B414: L. cardium | C414: B426 | D414: Blue | E414: 12
A415: 44830 | B415: L. cardium | C415: B427 | D415: Blue | E415: 12.8
A416: 44830 | B416: L. cardium | C416: B428 | D416: Blue | E416: 16.9
A417: 44830 | B417: L. cardium | C417: B429 | D417: Blue | E417: 13.3
A418: 44830 | B418: L. cardium | C418: B430 | D418: Blue | E418: 13.8
A419: 44830 | B419: L. cardium | C419: B431 | D419: Blue | E419: 15.1
A420: 44830 | B420: L. cardium | C420: B432 | D420: Blue | E420: 12.2
... A440: 44830 | B440: L. cardium | C440: B452 | D440: Blue | E440: 13.2
A441: 44830 | B441: L. cardium | C441: B453 | D441: Blue | E441: 11.8 | F441: *shell (post-tagging)
A442: 44830 | B442: L. cardium | C442: B454 | D442: Blue | E442: 11.9
A443: 44830 | B443: L. cardium | C443: B455 | D443: Blue | E443: 11.9
A444: 44830 | B444: L. cardium | C444: B456 | D444: Blue | E444: 12.6
A445: 44830 | B445: L. cardium | C445: B457 | D445: Blue | E445: 13.8
A446: 44830 | B446: L. cardium | C446: B458 | D446: Blue | E446: 13
A447: 44830 | B447: L. cardium | C447: B459 | D447: Blue | E447: 13
A448: 44830 | B448: L. cardium | C448: B460 | D448: Blue | E448: 12.3
A449: 44831 | B449: L. cardium | C449: B461 | D449: Blue | E449: 19
A450: 44831 | B450: L. cardium | C450: B462 | D450: Blue | E450: 20.6
A451: 44831 | B451: L. cardium | C451: B463 | D451: Blue | E451: 19.7
A452: 44831 | B452: L. cardium | C452: B464 | D452: Blue | E452: 19.1
A453: 44831 | B453: L. cardium | C453: B465 | D453: Blue | E453: 17.6
... A768: 44833 | B768: L. cardium | C768: B780 | D768: Blue | E768: 14.1
A769: 44833 | B769: L. cardium | C769: B781 | D769: Blue | E769: 13.8 | F769: *shell (post-tagging)
A770: 44833 | B770: L. cardium | C770: B782 | D770: Blue | E770: 14
A771: 44833 | B771: L. cardium | C771: B783 | D771: Blue | E771: 12.9
A772: 44833 | B772: L. cardium | C772: B784 | D772: Blue | E772: 13.6
A773: 44833 | B773: L. cardium | C773: B785 | D773: Blue | E773: 19.7
A774: 44833 | B774: L. cardium | C774: B786 | D774: Blue | E774: 17.3
A775: 44833 | B775: L. cardium | C775: B787 | D775: Blue | E775: 17.5
A776: 44833 | B776: L. cardium | C776: B788 | D776: Blue | E776: 14.9
A777: 44833 | B777: L. cardium | C777: B789 | D777: Blue | E777: 14.3
A778: 44833 | B778: L. cardium | C778: B790 | D778: Blue | E778: 14.8
A779: 44833 | B779: L. cardium | C779: B791 | D779: Blue | E779: 14.3
A780: 44833 | B780: L. cardium | C780: B792 | D780: Blue | E780: 15.2
A781: 44833 | B781: L. cardium | C781: B793 | D781: Blue | E781: 15.5
... A793: 44833 | B793: L. cardium | C793: B805 | D793: Blue | E793: 12.2
B794: Count: | C794: 778 | D794: Average | E794: =AVERAGE(E13:E793) -> 16.128681
B797: Total Count: | C797: =C794+C11 -> 782

Sheet 2022 (10-14)
A1: Tagged Mussels October 2022
A2: Release Date: | C2: 44848 | E2: Release Site: | F2: South Fork Shenandoah (38.84508, -78.33878)
E3: Conditions: | F3: Sunny weather (72 degrees Fahrenheit), clear water, Discharge= 536 ft3/s
E4: Personnel: | F4: I. Boyce, K. Howard
A6: Date | B6: Species | C6: Tag # | D6: Tag color | E6: Measurement (MM) | F6: Notes:
A7: 44847 | B7: A. undulata | C7: C061 | D7: Blue | E7: 13.1
A9: 44833 | B9: E. complanata | C9: B806 | D9: Blue | E9: 20.8
A10: 44833 | B10: E. complanata | C10: B807 | D10: Blue | E10: 23
A11: 44833 | B11: E. complanata | C11: B808 | D11: Blue | E11: 20.9 | F11: *Left behind at FMCC; still unreleased as of 11/11/2024
A12: 44833 | B12: E. complanata | C12: B809 | D12: Blue | E12: 18.1
A13: 44833 | B13: E. complanata | C13: B810 | D13: Blue | E13: 16.7
A14: 44833 | B14: E. complanata | C14: B811 | D14: Blue | E14: 16.7
A15: 44833 | B15: E. complanata | C15: B812 | D15: Blue | E15: 16.5
A16: 44833 | B16: E. complanata | C16: B813 | D16: Blue | E16: 16.1
A17: 44833 | B17: E. complanata | C17: B814 | D17: Blue | E17: 15.6
A18: 44833 | B18: E. complanata | C18: B815 | D18: Blue | E18: 15.6
A19: 44833 | B19: E. complanata | C19: B816 | D19: Blue | E19: 15.8
A20: 44833 | B20: E. complanata | C20: B817 | D20: Blue | E20: 14.3
A21: 44833 | B21: E. complanata | C21: B818 | D21: Blue | E21: 13.7 | F21: *Left behind at FMCC; released on 10/25/22 with later tagged mussels
A22: 44833 | B22: E. complanata | C22: B819 | D22: Blue | E22: 15.2
A23: 44833 | B23: E. complanata | C23: B820 | D23: Blue | E23: 15.2
A24: 44833 | B24: E. complanata | C24: B821 | D24: Blue | E24: 14.3
A25: 44833 | B25: E. complanata | C25: B822 | D25: Blue | E25: 15.2
A26: 44833 | B26: E. complanata | C26: B823 | D26: Blue | E26: 14.4
A27: 44833 | B27: E. complanata | C27: B824 | D27: Blue | E27: 15.5
A28: 44833 | B28: E. complanata | C28: B825 | D28: Blue | E28: 14.5
A29: 44833 | B29: E. complanata | C29: B826 | D29: Blue | E29: 13.3
A30: 44833 | B30: E. complanata | C30: B827 | D30: Blue | E30: 13.6
A31: 44833 | B31: E. complanata | C31: B828 | D31: Blue | E31: 23
A32: 44833 | B32: E. complanata | C32: B829 | D32: Blue | E32: 19.8
A33: 44833 | B33: E. complanata | C33: B830 | D33: Blue | E33: 18
A34: 44833 | B34: E. complanata | C34: B831 | D34: Blue | E34: 18.1
A35: 44833 | B35: E. complanata | C35: B832 | D35: Blue | E35: 18.9 | F35: *Left behind at FMCC; still unreleased as of 11/11/2024
A36: 44833 | B36: E. complanata | C36: B833 | D36: Blue | E36: 17.8
A37: 44833 | B37: E. complanata | C37: B834 | D37: Blue | E37: 17.5
A38: 44833 | B38: E. complanata | C38: B835 | D38: Blue | E38: 17.4
A39: 44833 | B39: E. complanata | C39: B836 | D39: Blue | E39: 16.7
A40: 44833 | B40: E. complanata | C40: B837 | D40: Blue | E40: 16.6
A41: 44833 | B41: E. complanata | C41: B838 | D41: Blue | E41: 16.2
A42: 44833 | B42: E. complanata | C42: B839 | D42: Blue | E42: 16
A43: 44833 | B43: E. complanata | C43: B840 | D43: Blue | E43: 15.6
A44: 44833 | B44: E. complanata | C44: B841 | D44: Blue | E44: 14.2
A45: 44833 | B45: E. complanata | C45: B842 | D45: Blue | E45: 14.6
A46: 44833 | B46: E. complanata | C46: B843 | D46: Blue | E46: 13.7
A47: 44833 | B47: E. complanata | C47: B844 | D47: Blue | E47: 21.8
... A49: 44833 | B49: E. complanata | C49: B846 | D49: Blue | E49: 17.1
A50: 44833 | B50: E. complanata | C50: B847 | D50: Blue | E50: 17.9 | F50: *Left behind at FMCC; still unreleased as of 11/11/2024
A51: 44833 | B51: E. complanata | C51: B848 | D51: Blue | E51: 17
A52: 44833 | B52: E. complanata | C52: B849 | D52: Blue | E52: 16.8
A53: 44833 | B53: E. complanata | C53: B850 | D53: Blue | E53: 16.3
A54: 44833 | B54: E. complanata | C54: B851 | D54: Blue | E54: 17.1
A55: 44833 | B55: E. complanata | C55: B852 | D55: Blue | E55: 16.8
A56: 44833 | B56: E. complanata | C56: B853 | D56: Blue | E56: 17.3
A57: 44833 | B57: E. complanata | C57: B854 | D57: Blue | E57: 15.2
A58: 44833 | B58: E. complanata | C58: B855 | D58: Blue | E58: 15.9 | F58: *Left behind at FMCC; released on 10/25/22 with later tagged mussels
A59: 44833 | B59: E. complanata | C59: B856 | D59: Blue | E59: 15.4
A60: 44833 | B60: E. complanata | C60: B857 | D60: Blue | E60: 15.8
A61: 44833 | B61: E. complanata | C61: B858 | D61: Blue | E61: 16.1
A62: 44833 | B62: E. complanata | C62: B859 | D62: Blue | E62: 14.9
A63: 44833 | B63: E. complanata | C63: B860 | D63: Blue | E63: 16.5
A64: 44833 | B64: E. complanata | C64: B861 | D64: Blue | E64: 15.7
A65: 44833 | B65: E. complanata | C65: B862 | D65: Blue | E65: 15.2
A66: 44833 | B66: E. complanata | C66: B863 | D66: Blue | E66: 15
A67: 44833 | B67: E. complanata | C67: B864 | D67: Blue | E67: 14.2
A68: 44833 | B68: E. complanata | C68: B865 | D68: Blue | E68: 22.9
A69: 44833 | B69: E. complanata | C69: B866 | D69: Blue | E69: 22.2
A70: 44833 | B70: E. complanata | C70: B867 | D70: Blue | E70: 19.4
... A77: 44833 | B77: E. complanata | C77: B874 | D77: Blue | E77: 17
A78: 44833 | B78: E. complanata | C78: B875 | D78: Blue | E78: 16.3 | F78: *Left behind at FMCC; still unreleased as of 11/11/2024
A79: 44833 | B79: E. complanata | C79: B876 | D79: Blue | E79: 16.6
A80: 44833 | B80: E. complanata | C80: B877 | D80: Blue | E80: 18.4
A81: 44833 | B81: E. complanata | C81: B878 | D81: Blue | E81: 16.4
A82: 44833 | B82: E. complanata | C82: B879 | D82: Blue | E82: 14.9
A83: 44833 | B83: E. complanata | C83: B880 | D83: Blue | E83: 14.4
A84: 44833 | B84: E. complanata | C84: B881 | D84: Blue | E84: 15.2
A85: 44833 | B85: E. complanata | C85: B882 | D85: Blue | E85: 15.3
A86: 44833 | B86: E. complanata | C86: B883 | D86: Blue | E86: 15.9
A87: 44833 | B87: E. complanata | C87: B884 | D87: Blue | E87: 15.3
A88: 44833 | B88: E. complanata | C88: B885 | D88: Blue | E88: 14.3
A89: 44833 | B89: E. complanata | C89: B886 | D89: Blue | E89: 15.4
A90: 44833 | B90: E. complanata | C90: B887 | D90: Blue | E90: 14.6
... A389: 44847 | B389: E. complanata | C389: C191 | D389: Blue | E389: 21.3
B390: Count: | C390: 379 | D390: Average: | E390: =AVERAGE(E9:E389) -> 19.487927
A392: 44847 | B392: L. cardium | E392: 15.3
A393: 44847 | B393: L. cardium | E393: 17.4
A394: 44847 | B394: L. cardium | E394: 14.1
A395: 44847 | B395: L. cardium | E395: 21.6
A396: 44847 | B396: L. cardium | E396: 21.1
A397: 44847 | B397: L. cardium | E397: 20.1
A398: 44847 | B398: L. cardium | E398: 22.4
A399: 44847 | B399: L. cardium | E399: 20.7
A400: 44847 | B400: L. cardium | E400: 19.2
A401: 44847 | B401: L. cardium | E401: 18.3
A402: 44847 | B402: L. cardium | E402: 14.5
A403: 44847 | B403: L. cardium | E403: 15.3
... A491: 44847 | B491: L. cardium | E491: 13.1
A492: 44847 | B492: L. cardium | C492: B697 | D492: Pink | F492: *previously tagged in 10/2021 but was found to have been left behind in growout building and subsequently released 10/14/22. Was not measured again before release.
B493: Count: | C493: 508 | D493: Average: | E493: =AVERAGE(E392:E491) -> 16.888 | F493: *508 L. cardium in total released, all untagged; 100 measured as a sample.
B496: Total Count: | C496: =509+C390 -> 888

Sheet 2022 (10-25)
A1: Tagged Mussels October 2022
A2: Release Date: | C2: 44859 | E2: Release Site: | F2: South Fork Shenandoah (38.84520, -78.33906)
E3: Conditions: | F3: Sunny and clear (65 degrees fahrenheit), water low and clear ~15 degrees celsius, Discharge= 450 ft3/s
E4: Personnel: | F4: K. Howard, I. Boyce
A6: Date | B6: Species | C6: Tag # | D6: Tag color | E6: Measurement (MM) | F6: Notes:
A7: 44852 | B7: A. undulata | C7: C192 | D7: Blue | E7: 16.4
A8: 44852 | B8: A. undulata | C8: C193 | D8: Blue | E8: 15.7
A9: 44852 | B9: A. undulata | C9: C194 | D9: Blue | E9: 14.1
A10: 44858 | B10: A. undulata | C10: C490 | D10: Blue | E10: 14.7
A11: 44858 | B11: A. undulata | C11: C491 | D11: Blue | E11: 14.6
A12: 44858 | B12: A. undulata | C12: C492 | D12: Blue | E12: 15.4
B13: Count: | C13: =COUNTA(C7:C12) -> 6 | D13: Average: | E13: =AVERAGE(E7:E12) -> 15.15
A15: 44858 | B15: A. varicosa | C15: C493 | D15: Blue | E15: 12.6
A16: 44858 | B16: A. varicosa | C16: C494 | D16: Blue | E16: 14.5
A17: 44858 | B17: A. varicosa | C17: C495 | D17: Blue | E17: 13.5
A18: 44858 | B18: A. varicosa | C18: C496 | D18: Blue | E18: 13.8
A19: 44858 | B19: A. varicosa | C19: C497 | D19: Blue | E19: 14.1
A20: 44858 | B20: A. varicosa | C20: C498 | D20: Blue | E20: 13.7
A21: 44858 | B21: A. varicosa | C21: C499 | D21: Blue | E21: 15.5
A22: 44858 | B22: A. varicosa | C22: C500 | D22: Blue | E22: 14.4
A23: 44858 | B23: A. varicosa | C23: C501 | D23: Blue | E23: 13.6
A24: 44858 | B24: A. varicosa | C24: C502 | D24: Blue | E24: 12.9
A25: 44858 | B25: A. varicosa | C25: C503 | D25: Blue | E25: 13.1
A26: 44858 | B26: A. varicosa | C26: C504 | D26: Blue | E26: 11.6
... A30: 44858 | B30: A. varicosa | C30: C508 | D30: Blue | E30: 10.7
B31: Count: | C31: =COUNTA(C15:C30) -> 16 | D31: Average: | E31: =AVERAGE(E15:E30) -> 13.125
A33: 44852 | B33: E. complanata | C33: B818 | D33: Blue | E33: 13.9 | F33: *Previously tagged but left behind at FMCC; re-measured and released 10/25/22 with newly tagged mussels
A34: 44852 | B34: E. complanata | C34: B855 | D34: Blue | E34: 16 | F34: *Previously tagged but left behind at FMCC; re-measured and released 10/25/22 with newly tagged mussels
A35: 44852 | B35: E. complanata | C35: C195 | D35: Blue | E35: 20.8
A36: 44852 | B36: E. complanata | C36: C196 | D36: Blue | E36: 20
A37: 44852 | B37: E. complanata | C37: C197 | D37: Blue | E37: 23.6
A38: 44852 | B38: E. complanata | C38: C198 | D38: Blue | E38: 17.5
A39: 44852 | B39: E. complanata | C39: C199 | D39: Blue | E39: 18.3
A40: 44852 | B40: E. complanata | C40: C200 | D40: Blue | E40: 19
A41: 44852 | B41: E. complanata | C41: C201 | D41: Blue | E41: 17.1
A42: 44852 | B42: E. complanata | C42: C202 | D42: Blue | E42: 15
A43: 44852 | B43: E. complanata | C43: C203 | D43: Blue | E43: 15.5
A44: 44852 | B44: E. complanata | C44: C204 | D44: Blue | E44: 13.2
A45: 44852 | B45: E. complanata | C45: C205 | D45: Blue | E45: 12.2
A46: 44852 | B46: E. complanata | C46: C206 | D46: Blue | E46: 12.5
... A253: 44858 | B253: E. complanata | C253: C489 | D253: Blue | E253: 12.9
B254: Count: | C254: =COUNTA(C33:C253) -> 221 | D254: Average: | E254: =AVERAGE(E33:E253) -> 15.09276
A256: 44858 | B256: L. cardium | C256: B420 | D256: Blue | E256: 11.4 | F256: *Previously tagged but left behind at FMCC; re-measured and released 10/25/22 with newly tagged mussels
A257: 44852 | B257: L. cardium | C257: C316 | D257: Blue | E257: 16.5
A258: 44852 | B258: L. cardium | C258: C317 | D258: Blue | E258: 17.8
A259: 44852 | B259: L. cardium | C259: C318 | D259: Blue | E259: 19.1
A260: 44852 | B260: L. cardium | C260: C319 | D260: Blue | E260: 18
A261: 44852 | B261: L. cardium | C261: C320 | D261: Blue | E261: 18
A262: 44852 | B262: L. cardium | C262: C321 | D262: Blue | E262: 17.3
A263: 44852 | B263: L. cardium | C263: C322 | D263: Blue | E263: 19.4
A264: 44852 | B264: L. cardium | C264: C323 | D264: Blue | E264: 17.8
A265: 44852 | B265: L. cardium | C265: C325 | D265: Blue | E265: 23.9
A266: 44852 | B266: L. cardium | C266: C326 | D266: Blue | E266: 24.1
A267: 44852 | B267: L. cardium | C267: C327 | D267: Blue | E267: 19.5
A268: 44852 | B268: L. cardium | C268: C328 | D268: Blue | E268: 20.1
... A332: 44852 | B332: L. cardium | C332: C391 | D332: Blue | E332: 15.7
A333: 44852 | B333: L. cardium | E333: 13.2
A334: 44852 | B334: L. cardium | E334: 12.1
A335: 44852 | B335: L. cardium | E335: 12
A336: 44852 | B336: L. cardium | E336: 14.1
A337: 44852 | B337: L. cardium | E337: 12.9
A338: 44852 | B338: L. cardium | E338: 12
A339: 44852 | B339: L. cardium | E339: 11.9
A340: 44852 | B340: L. cardium | E340: 16
A341: 44852 | B341: L. cardium | E341: 13.1
A342: 44852 | B342: L. cardium | E342: 11.3
A343: 44852 | B343: L. cardium | E343: 13
A344: 44852 | B344: L. cardium | E344: 10.8
... A419: 44852 | B419: L. cardium | E419: 11
A420: 44858 | B420: L. cardium | C420: C509 | D420: Blue | E420: 17.5
A421: 44858 | B421: L. cardium | C421: C510 | D421: Blue | E421: 16.4
A422: 44858 | B422: L. cardium | C422: C511 | D422: Blue | E422: 20
A423: 44858 | B423: L. cardium | C423: C512 | D423: Blue | E423: 19.6
A424: 44858 | B424: L. cardium | C424: C513 | D424: Blue | E424: 18.1
A425: 44858 | B425: L. cardium | C425: C514 | D425: Blue | E425: 15.5
A426: 44858 | B426: L. cardium | C426: C515 | D426: Blue | E426: 15.7
A427: 44858 | B427: L. cardium | C427: C516 | D427: Blue | E427: 16.4
A428: 44858 | B428: L. cardium | C428: C517 | D428: Blue | E428: 20.6
A429: 44858 | B429: L. cardium | C429: C518 | D429: Blue | E429: 18.5
A430: 44858 | B430: L. cardium | C430: C519 | D430: Blue | E430: 17.8
A431: 44858 | B431: L. cardium | C431: C520 | D431: Blue | E431: 14.9
... A465: 44858 | B465: L. cardium | C465: C554 | D465: Blue | E465: 16.7
B466: Count: | C466: 1634 | D466: Average: | E466: =AVERAGE(E256:E465) -> 15.431905 | F466: *1,634 L. cardium released in total; 123 of the largest ones tagged and measured including 1 previously tagged individual, 87 were measured as a sample but NOT tagged, remainder untagged.
B469: Total Count: | C469: =C466+C254+C31+C13 -> 1877

Sheet 2023 Summary
A1: 2023 Mussel Release Summary
A3: Species | B3: Total Count | C3: Min. Size | D3: Max. Size | E3: Average Size
A4: Alasmidonta varicosa | B4: ='2023 (10-11)'!C57 -> 372 | C4: =MIN('2023 (10-11)'!E7:E56) -> 10 | D4: =MAX('2023 (10-11)'!E7:E56) -> 26 | E4: ='2023 (10-11)'!E57 -> 15.489796
A5: Elliptio complanata | B5: ='2023 (10-11)'!C658 -> 820 | C5: =MIN('2023 (10-11)'!E59:E657) -> 10 | D5: =MAX('2023 (10-11)'!E59:E657) -> 48 | E5: ='2023 (10-11)'!E658 -> 15.02
A6: Elliptio fisheriana | B6: ='2023 (10-11)'!C675 -> 355 | C6: =MIN('2023 (10-11)'!E660:E674) -> 12 | D6: =MAX('2023 (10-11)'!E660:E674) -> 19 | E6: ='2023 (10-11)'!E675 -> 15.333333
A7: Lampsilis cardium | B7: ='2023 (10-11)'!C999+'2023 (10-19)'!C415 -> 3064 | C7: =MIN('2023 (10-11)'!E677:E998,'2023 (10-19)'!E7:E414) -> 8 | D7: =MAX('2023 (10-11)'!E677:E998,'2023 (10-19)'!E7:E414) -> 25 | E7: =AVERAGE('2023 (10-11)'!E999,'2023 (10-19)'!E415) -> 15.022838
A9: Grand Total: | B9: =SUM(B4:B7) -> 4611

Sheet 2023 (10-11)
A1: Tagged Mussels October 2023
A2: Release Date: | C2: 45210 | E2: Release Site:
E3: Conditions: | F3: Water 15 degrees celsius
E4: Personnel: | F4: J. Jones, A. Anderson
A6: Date | B6: Species | C6: Tag # | D6: Tag color | E6: Measurement (MM) | F6: Notes:
A7: 45208 | B7: Alasmidonta varicosa | C7: A693 | D7: Green | E7: 17
A8: 45208 | B8: Alasmidonta varicosa | C8: A694 | D8: Green | E8: 18
A9: 45208 | B9: Alasmidonta varicosa | C9: A695 | D9: Green | E9: 17
A10: 45208 | B10: Alasmidonta varicosa | C10: A696 | D10: Green | E10: 17
A11: 45208 | B11: Alasmidonta varicosa | C11: A697 | D11: Green | E11: 16
A12: 45208 | B12: Alasmidonta varicosa | C12: A698 | D12: Green | E12: 16
A13: 45208 | B13: Alasmidonta varicosa | C13: A699 | D13: Green | E13: 16
A14: 45208 | B14: Alasmidonta varicosa | C14: A700 | D14: Green | E14: 16
A15: 45208 | B15: Alasmidonta varicosa | C15: A701 | D15: Green | E15: 17
A16: 45208 | B16: Alasmidonta varicosa | C16: A702 | D16: Green | E16: 21
A17: 45208 | B17: Alasmidonta varicosa | C17: A703 | D17: Green | E17: 17
A18: 45208 | B18: Alasmidonta varicosa | C18: A704 | D18: Green | F18: *Shell (post tagging)
A19: 45208 | B19: Alasmidonta varicosa | C19: A705 | D19: Green | E19: 20
A20: 45208 | B20: Alasmidonta varicosa | C20: A706 | D20: Green | E20: 18
A21: 45208 | B21: Alasmidonta varicosa | C21: A707 | D21: Green | E21: 17
A22: 45208 | B22: Alasmidonta varicosa | C22: A708 | D22: Green | E22: 17
A23: 45208 | B23: Alasmidonta varicosa | C23: A794 | D23: Green | E23: 26
A24: 45208 | B24: Alasmidonta varicosa | C24: A795 | D24: Green | E24: 17
A25: 45208 | B25: Alasmidonta varicosa | C25: A796 | D25: Green | E25: 21
A26: 45208 | B26: Alasmidonta varicosa | C26: A797 | D26: Green | E26: 14
A27: 45208 | B27: Alasmidonta varicosa | C27: A798 | D27: Green | E27: 16
A28: 45208 | B28: Alasmidonta varicosa | C28: A799 | D28: Green | E28: 14
A29: 45208 | B29: Alasmidonta varicosa | C29: A800 | D29: Green | E29: 12
A30: 45208 | B30: Alasmidonta varicosa | C30: A801 | D30: Green | E30: 25
... A56: 45208 | B56: Alasmidonta varicosa | C56: No # | D56: Green | E56: 11
B57: Count: | C57: 372 | D57: Average: | E57: =AVERAGE(E7:E56) -> 15.489796 | F57: *372 Alasmidonta varicosa released in total; 35 of the largest ones tagged and measured, 1 mussel was shown to be shell post-tagging, 15 were measured as a sample and tagged with green tags with no number, remainder tagged with green tags without numbers.
A59: 45182 | B59: Elliptio complanata | C59: A082 | D59: Green | E59: 18
A60: 45183 | B60: Elliptio complanata | C60: A098 | D60: Green | E60: 20
A61: 45187 | B61: Elliptio complanata | C61: A153 | D61: Green | E61: 24
A62: 45187 | B62: Elliptio complanata | C62: A154 | D62: Green | E62: 21
A63: 45187 | B63: Elliptio complanata | C63: A155 | D63: Green | E63: 22
A64: 45187 | B64: Elliptio complanata | C64: A156 | D64: Green | E64: 20
A65: 45187 | B65: Elliptio complanata | C65: A157 | D65: Green | E65: 15
A66: 45187 | B66: Elliptio complanata | C66: A158 | D66: Green | E66: 20
A67: 45187 | B67: Elliptio complanata | C67: A159 | D67: Green | E67: 18 | F67: *Shell (post tagging)
A68: 45187 | B68: Elliptio complanata | C68: A160 | D68: Green | E68: 24
A69: 45187 | B69: Elliptio complanata | C69: A161 | D69: Green | E69: 21
A70: 45187 | B70: Elliptio complanata | C70: A162 | D70: Green | E70: 15
A71: 45187 | B71: Elliptio complanata | C71: A163 | D71: Green | E71: 25
A72: 45187 | B72: Elliptio complanata | C72: A164 | D72: Green | E72: 17
A73: 45187 | B73: Elliptio complanata | C73: A165 | D73: Green | E73: 22
A74: 45187 | B74: Elliptio complanata | C74: A166 | D74: Green | E74: 18
A75: 45187 | B75: Elliptio complanata | C75: A167 | D75: Green | E75: 15
A76: 45187 | B76: Elliptio complanata | C76: A168 | D76: Green | E76: 23
A77: 45187 | B77: Elliptio complanata | C77: A169 | D77: Green | E77: 18
A78: 45187 | B78: Elliptio complanata | C78: A170 | D78: Green | E78: 13
A79: 45187 | B79: Elliptio complanata | C79: A171 | D79: Green | E79: 27
... A141: 45188 | B141: Elliptio complanata | C141: A247 | D141: Green | E141: 21
A142: 45188 | B142: Elliptio complanata | C142: A248 | D142: Green | E142: 13 | F142: *Shell (post tagging)
A143: 45188 | B143: Elliptio complanata | C143: A249 | D143: Green | E143: 22
A144: 45188 | B144: Elliptio complanata | C144: A250 | D144: Green | E144: 20
A145: 45188 | B145: Elliptio complanata | C145: A251 | D145: Green | E145: 24
A146: 45188 | B146: Elliptio complanata | C146: A252 | D146: Green | E146: 22
A147: 45188 | B147: Elliptio complanata | C147: A253 | D147: Green | E147: 19
A148: 45188 | B148: Elliptio complanata | C148: A254 | D148: Green | E148: 18
A149: 45188 | B149: Elliptio complanata | C149: A255 | D149: Green | E149: 13
A150: 45188 | B150: Elliptio complanata | C150: A256 | D150: Green | E150: 24
A151: 45188 | B151: Elliptio complanata | C151: A257 | D151: Green | E151: 28
A152: 45188 | B152: Elliptio complanata | C152: A258 | D152: Green | E152: 27
A153: 45188 | B153: Elliptio complanata | C153: A259 | D153: Green | E153: 25
A154: 45188 | B154: Elliptio complanata | C154: A260 | D154: Green | E154: 28
... A168: 45188 | B168: Elliptio complanata | C168: A274 | D168: Green | E168: 21
A169: 45188 | B169: Elliptio complanata | C169: A275 | D169: Green | E169: 25 | F169: *Shell (post tagging)
A170: 45188 | B170: Elliptio complanata | C170: A276 | D170: Green | E170: 20
A171: 45188 | B171: Elliptio complanata | C171: A277 | D171: Green | E171: 20
A172: 45188 | B172: Elliptio complanata | C172: A278 | D172: Green | E172: 26
A173: 45188 | B173: Elliptio complanata | C173: A279 | D173: Green | E173: 23
A174: 45188 | B174: Elliptio complanata | C174: A280 | D174: Green | E174: 21
A175: 45188 | B175: Elliptio complanata | C175: A281 | D175: Green | E175: 20
A176: 45188 | B176: Elliptio complanata | C176: A282 | D176: Green | E176: 25
A177: 45188 | B177: Elliptio complanata | C177: A283 | D177: Green | E177: 23
A178: 45188 | B178: Elliptio complanata | C178: A284 | D178: Green | E178: 24
A179: 45188 | B179: Elliptio complanata | C179: A285 | D179: Green | E179: 17
A180: 45188 | B180: Elliptio complanata | C180: A286 | D180: Green | E180: 21
A181: 45188 | B181: Elliptio complanata | C181: A287 | D181: Green | E181: 25
... A342: 45204 | B342: Elliptio complanata | C342: A456 | D342: Green | E342: 19
A343: 45204 | B343: Elliptio complanata | C343: A457 | D343: Green | E343: 18 | F343: *Shell (post tagging)
A344: 45204 | B344: Elliptio complanata | C344: A458 | D344: Green | E344: 17
A345: 45204 | B345: Elliptio complanata | C345: A459 | D345: Green | E345: 17
A346: 45204 | B346: Elliptio complanata | C346: A460 | D346: Green | E346: 20
A347: 45204 | B347: Elliptio complanata | C347: A461 | D347: Green | E347: 26
A348: 45204 | B348: Elliptio complanata | C348: A462 | D348: Green | E348: 22
A349: 45204 | B349: Elliptio complanata | C349: A463 | D349: Green | E349: 19
A350: 45204 | B350: Elliptio complanata | C350: A464 | D350: Green | E350: 25
A351: 45204 | B351: Elliptio complanata | C351: A465 | D351: Green | E351: 25
A352: 45204 | B352: Elliptio complanata | C352: A466 | D352: Green | E352: 22
A353: 45204 | B353: Elliptio complanata | C353: A467 | D353: Green | E353: 32
A354: 45204 | B354: Elliptio complanata | C354: A468 | D354: Green | E354: 21
A355: 45204 | B355: Elliptio complanata | C355: A469 | D355: Green | E355: 26
... A657: 45204 | B657: Elliptio complanata | C657: No # | D657: Green | E657: 11
B658: Count: | C658: =567+205+48 -> 820 | D658: Average: | E658: =AVERAGE(E608:E657) -> 15.02 | F658: *820 Elliptio complanata released in total; 569 of the largest ones tagged and measured, 2 mussels shown to be shell post-tagging, 30 were measured as a sample and tagged with green tags with no number, remainder tagged with green tags without numbers.
A660: 45203 | B660: Elliptio fisheriana | C660: A378 | D660: Green | E660: 18
A661: 45203 | B661: Elliptio fisheriana | C661: No # | D661: Green | E661: 18
A662: 45203 | B662: Elliptio fisheriana | C662: No # | D662: Green | E662: 14
A663: 45203 | B663: Elliptio fisheriana | C663: No # | D663: Green | E663: 12
...

Sheet 2023 (10-19)
A1: Tagged Mussels October 2023
A2: Release Date: | C2: 45218 | E2: Release Site: | F2: Hazard Mill Island, Shenandoah River
E3: Conditions: | F3: Water 15 degrees celsius
E4: Personnel: | F4: J. Jones, A. Anderson
A6: Date | B6: Species | C6: Tag # | D6: Tag color | E6: Measurement (MM) | F6: Notes:
A7: 45210 | B7: Lampsilis cardium | C7: A873 | D7: Green | E7: 14
A8: 45210 | B8: Lampsilis cardium | C8: A874 | D8: Green | E8: 14
A9: 45210 | B9: Lampsilis cardium | C9: A875 | D9: Green | E9: 14
A10: 45210 | B10: Lampsilis cardium | C10: A876 | D10: Green | E10: 14
A11: 45210 | B11: Lampsilis cardium | C11: A877 | D11: Green | E11: 13
A12: 45210 | B12: Lampsilis cardium | C12: A878 | D12: Green | E12: 13
A13: 45210 | B13: Lampsilis cardium | C13: A879 | D13: Green | E13: 15
A14: 45210 | B14: Lampsilis cardium | C14: A880 | D14: Green | E14: 14
A15: 45210 | B15: Lampsilis cardium | C15: A881 | D15: Green | E15: 14
A16: 45210 | B16: Lampsilis cardium | C16: A882 | D16: Green | E16: 15
A17: 45210 | B17: Lampsilis cardium | C17: A883 | D17: Green | E17: 15
A18: 45210 | B18: Lampsilis cardium | C18: A884 | D18: Green | E18: 13
... A260: 45217 | B260: Lampsilis cardium | C260: B186 | D260: Green | E260: 18
A261: 45217 | B261: Lampsilis cardium | C261: B187 | D261: Green | E261: 16 | F261: *Shell (post-tagging)
A262: 45217 | B262: Lampsilis cardium | C262: B188 | D262: Green | E262: 14
A263: 45217 | B263: Lampsilis cardium | C263: B189 | D263: Green | E263: 18
A264: 45217 | B264: Lampsilis cardium | C264: B190 | D264: Green | E264: 16
A265: 45217 | B265: Lampsilis cardium | C265: B191 | D265: Green | E265: 17
A266: 45217 | B266: Lampsilis cardium | C266: B192 | D266: Green | E266: 16
A267: 45217 | B267: Lampsilis cardium | C267: B193 | D267: Green | E267: 16
A268: 45217 | B268: Lampsilis cardium | C268: B194 | D268: Green | E268: 16
A269: 45217 | B269: Lampsilis cardium | C269: B195 | D269: Green | E269: 15
A270: 45217 | B270: Lampsilis cardium | C270: B196 | D270: Green | E270: 17
A271: 45217 | B271: Lampsilis cardium | C271: B197 | D271: Green | E271: 18
A272: 45217 | B272: Lampsilis cardium | C272: B198 | D272: Green | E272: 16
A273: 45217 | B273: Lampsilis cardium | C273: B199 | D273: Green | E273: 18
... A279: 45217 | B279: Lampsilis cardium | C279: B205 | D279: Green | E279: 17
A280: 45210 | B280: Lampsilis cardium | D280: Black glue | E280: 11
A281: 45210 | B281: Lampsilis cardium | D281: Black glue | E281: 13
A282: 45210 | B282: Lampsilis cardium | D282: Black glue | E282: 13
A283: 45210 | B283: Lampsilis cardium | D283: Black glue | E283: 13
A284: 45210 | B284: Lampsilis cardium | D284: Black glue | E284: 12
A285: 45210 | B285: Lampsilis cardium | D285: Black glue | E285: 12
A286: 45210 | B286: Lampsilis cardium | D286: Black glue | E286: 13
A287: 45210 | B287: Lampsilis cardium | D287: Black glue | E287: 11
A288: 45210 | B288: Lampsilis cardium | D288: Black glue | E288: 13
A289: 45210 | B289: Lampsilis cardium | D289: Black glue | E289: 11
A290: 45210 | B290: Lampsilis cardium | D290: Black glue | E290: 12
A291: 45210 | B291: Lampsilis cardium | D291: Black glue | E291: 12
... A414: 45217 | B414: Lampsilis cardium | D414: Black glue | E414: 11
B415: Count: | C415: 1849 | D415: Average: | E415: =AVERAGE(E7:E414) -> 14.210784 | F415: *1849 Lampsilis cardium released in total; 273 of the largest ones tagged and measured, 1 mussel was shown to be shell post-tagging, 135 were measured as a sample and marked with black glue dot, remainder marked with black glue dot.

Sheet 2024 Summary
A1: 2024 Mussel Release Summary
A3: Species | B3: Total Count | C3: Min. Size | D3: Max. Size | E3: Average Size
A4: Alasmidonta varicosa | B4: 70 | C4: =MIN('2024'!E8:E80) -> 18 | D4: =MAX('2024'!E8:E80) -> 25 | E4: ='2024'!E81 -> 20.616438
A5: Elliptio complanata | B5: 443 | C5: =MIN('2024'!E82:E530) -> 15 | D5: =MAX('2024'!E82:E530) -> 37 | E5: ='2024'!E531 -> 22.768374
A6: Elliptio fisheriana | B6: 62 | C6: =MIN('2024'!E532:E627) -> 18 | D6: =MAX('2024'!E532:E627) -> 31 | E6: ='2024'!E628 -> 24.885417
A7: Lampsilis cardium (tagged) | B7: 465 | C7: =MIN('2024'!E629:E1100) -> 14 | D7: =MAX('2024'!E629:E1100) -> 36 | E7: ='2024'!E1101 -> 20.169492
A8: Lampsilis cardium (marked with black glue) | B8: 2148 | C8: =MIN('2024'!E1102:E1257) -> 14 | D8: =MAX('2024'!E1102:E1257) -> 30 | E8: ='2024'!E1258 -> 20.205128
A9: Lampsilis radiata | B9: 27 | C9: =MIN('2024'!E1259:E1286) -> 28 | D9: =MAX('2024'!E1259:E1286) -> 41 | E9: ='2024'!E1287 -> 35.321429
A10: Ligumia nasuta | B10: 1618 | C10: =MIN('2024'!E1288:E2947) -> 17 | D10: =MAX('2024'!E1288:E2947) -> 46 | E10: ='2024'!E2948 -> 25.746386
A11: Strophitus undulatus | B11: 40 | C11: =MIN('2024'!E2949:E2988) -> 20 | D11: =MAX('2024'!E2949:E2988) -> 31 | E11: ='2024'!E2989 -> 26.825
A12: Grand Total: | B12: =SUM(B4:B11) -> 4873

Sheet 2024
A1: Tagged Mussels September 2024
A2: Release Date: | C2: 45582 | E2: Release Site: | F2: South Fork Shenandoah River at State Park canoe launch, left descending bank
E3: Conditions: | F3: Sunny, 56 degrees fahrenheit. Water clear
E4: Personnel: | F4: J. Jones, P. Sullivan, A. Condon, K. Howard
A6: Date | B6: Species | C6: Tag # | D6: Tag color | E6: Measurement (MM) | F6: Notes:
A8: 45546 | B8: Alasmidonta varicosa | C8: B763 | D8: Green | E8: 20
A9: 45546 | B9: Alasmidonta varicosa | C9: B764 | D9: Green | E9: 20
A10: 45546 | B10: Alasmidonta varicosa | C10: B765 | D10: Green | E10: 21
A11: 45546 | B11: Alasmidonta varicosa | C11: B766 | D11: Green | E11: 18
A12: 45546 | B12: Alasmidonta varicosa | C12: B767 | D12: Green | E12: 21
A13: 45546 | B13: Alasmidonta varicosa | C13: B768 | D13: Green | E13: 19
A14: 45546 | B14: Alasmidonta varicosa | C14: B769 | D14: Green | E14: 21
A15: 45546 | B15: Alasmidonta varicosa | C15: B770 | D15: Green | E15: 21
A16: 45546 | B16: Alasmidonta varicosa | C16: B771 | D16: Green | E16: 19 | F16: *Shell (post tagging)
A17: 45546 | B17: Alasmidonta varicosa | C17: B772 | D17: Green | E17: 18
A18: 45546 | B18: Alasmidonta varicosa | C18: B773 | D18: Green | E18: 18
A19: 45546 | B19: Alasmidonta varicosa | C19: B774 | D19: Green | E19: 20
A20: 45546 | B20: Alasmidonta varicosa | C20: B775 | D20: Green | E20: 20 | F20: *Shell (post tagging)
A21: 45546 | B21: Alasmidonta varicosa | C21: B776 | D21: Green | E21: 20
A22: 45546 | B22: Alasmidonta varicosa | C22: B777 | D22: Green | E22: 19
A23: 45546 | B23: Alasmidonta varicosa | C23: B778 | D23: Green | E23: 23
A24: 45546 | B24: Alasmidonta varicosa | C24: B779 | D24: Green | E24: 24
A25: 45546 | B25: Alasmidonta varicosa | C25: B780 | D25: Green | E25: 19
A26: 45546 | B26: Alasmidonta varicosa | C26: B781 | D26: Green | E26: 22
A27: 45546 | B27: Alasmidonta varicosa | C27: B782 | D27: Green | E27: 21
A28: 45546 | B28: Alasmidonta varicosa | C28: B783 | D28: Green | E28: 24
A29: 45546 | B29: Alasmidonta varicosa | C29: B784 | D29: Green | E29: 20
A30: 45546 | B30: Alasmidonta varicosa | C30: B785 | D30: Green | E30: 24
A31: 45546 | B31: Alasmidonta varicosa | C31: B786 | D31: Green | E31: 18
A32: 45546 | B32: Alasmidonta varicosa | C32: B787 | D32: Green | E32: 25
... A69: 45555 | B69: Alasmidonta varicosa | C69: C800 | D69: Green | E69: 21
A70: 45555 | B70: Alasmidonta varicosa | C70: C801 | D70: Green | E70: 23 | F70: *Accidentally kept behind at lab and not released
A71: 45555 | B71: Alasmidonta varicosa | C71: C802 | D71: Green | E71: 24
A72: 45555 | B72: Alasmidonta varicosa | C72: C803 | D72: Green | E72: 20
A73: 45555 | B73: Alasmidonta varicosa | C73: C804 | D73: Green | E73: 19
A74: 45555 | B74: Alasmidonta varicosa | C74: C805 | D74: Green | E74: 20
A75: 45555 | B75: Alasmidonta varicosa | C75: C806 | D75: Green | E75: 20
A76: 45555 | B76: Alasmidonta varicosa | C76: C807 | D76: Green | E76: 19
A77: 45555 | B77: Alasmidonta varicosa | C77: C808 | D77: Green | E77: 24
A78: 45555 | B78: Alasmidonta varicosa | C78: C809 | D78: Green | E78: 22
A79: 45555 | B79: Alasmidonta varicosa | C79: C810 | D79: Green | E79: 19
A80: 45555 | B80: Alasmidonta varicosa | C80: C811 | D80: Green | E80: 20
B81: Count: | C81: =COUNT(E8:E80) -> 73 | D81: Average: | E81: =AVERAGE(E8:E80) -> 20.616438 | F81: *70 A. varicosa released; 73 tagged in total, 1 accidentally kept behind at lab, 2 died between tagging and release.
A82: 45544 | B82: Elliptio complanata | C82: B714 | D82: Green | E82: 29
A83: 45544 | B83: Elliptio complanata | C83: B715 | D83: Green | E83: 25
A84: 45544 | B84: Elliptio complanata | C84: B716 | D84: Green | E84: 20
A85: 45546 | B85: Elliptio complanata | C85: B798 | D85: Green | E85: 22
A86: 45546 | B86: Elliptio complanata | C86: B799 | D86: Green | E86: 15
A87: 45546 | B87: Elliptio complanata | C87: B800 | D87: Green | E87: 26
A88: 45546 | B88: Elliptio complanata | C88: B801 | D88: Green | E88: 28
A89: 45546 | B89: Elliptio complanata | C89: B802 | D89: Green | E89: 37
A90: 45546 | B90: Elliptio complanata | C90: B803 | D90: Green | E90: 24
A91: 45546 | B91: Elliptio complanata | C91: B804 | D91: Green | E91: 26
A92: 45546 | B92: Elliptio complanata | C92: B805 | D92: Green | E92: 21
A93: 45546 | B93: Elliptio complanata | C93: B869 | D93: Green | E93: 19
... A184: 45548 | B184: Elliptio complanata | C184: C105 | D184: Green | E184: 21
A185: 45548 | B185: Elliptio complanata | C185: C106 | D185: Green | E185: 25 | F185: *Shell (post tagging)
A186: 45548 | B186: Elliptio complanata | C186: C107 | D186: Green | E186: 21
A187: 45548 | B187: Elliptio complanata | C187: C108 | D187: Green | E187: 23
A188: 45548 | B188: Elliptio complanata | C188: C109 | D188: Green | E188: 20
A189: 45548 | B189: Elliptio complanata | C189: C110 | D189: Green | E189: 24
A190: 45548 | B190: Elliptio complanata | C190: C111 | D190: Green | E190: 25
A191: 45548 | B191: Elliptio complanata | C191: C112 | D191: Green | E191: 18
A192: 45548 | B192: Elliptio complanata | C192: C113 | D192: Green | E192: 19
A193: 45548 | B193: Elliptio complanata | C193: C114 | D193: Green | E193: 24
A194: 45548 | B194: Elliptio complanata | C194: C115 | D194: Green | E194: 20
A195: 45548 | B195: Elliptio complanata | C195: C116 | D195: Green | E195: 24
A196: 45548 | B196: Elliptio complanata | C196: C117 | D196: Green | E196: 20
A197: 45548 | B197: Elliptio complanata | C197: C118 | D197: Green | E197: 20
... A277: 45555 | B277: Elliptio complanata | C277: C742 | D277: Green | E277: 19
A278: 45555 | B278: Elliptio complanata | C278: C743 | D278: Green | E278: 29 | F278: *Shell (post tagging)
A279: 45555 | B279: Elliptio complanata | C279: C744 | D279: Green | E279: 24
A280: 45555 | B280: Elliptio complanata | C280: C745 | D280: Green | E280: 20
A281: 45555 | B281: Elliptio complanata | C281: C746 | D281: Green | E281: 22
A282: 45555 | B282: Elliptio complanata | C282: C747 | D282: Green | E282: 23
A283: 45555 | B283: Elliptio complanata | C283: C748 | D283: Green | E283: 26
A284: 45555 | B284: Elliptio complanata | C284: C749 | D284: Green | E284: 21
A285: 45555 | B285: Elliptio complanata | C285: C750 | D285: Green | E285: 20
A286: 45555 | B286: Elliptio complanata | C286: C751 | D286: Green | E286: 22
A287: 45555 | B287: Elliptio complanata | C287: C752 | D287: Green | E287: 22
A288: 45555 | B288: Elliptio complanata | C288: C753 | D288: Green | E288: 21
A289: 45555 | B289: Elliptio complanata | C289: C754 | D289: Green | E289: 20
A290: 45555 | B290: Elliptio complanata | C290: C755 | D290: Green | E290: 23 | F290: *Shell (post tagging)
A291: 45555 | B291: Elliptio complanata | C291: C756 | D291: Green | E291: 25
A292: 45555 | B292: Elliptio complanata | C292: C757 | D292: Green | E292: 21
A293: 45555 | B293: Elliptio complanata | C293: C758 | D293: Green | E293: 20
A294: 45555 | B294: Elliptio complanata | C294: C759 | D294: Green | E294: 22
A295: 45555 | B295: Elliptio complanata | C295: C760 | D295: Green | E295: 30
A296: 45555 | B296: Elliptio complanata | C296: C761 | D296: Green | E296: 19
A297: 45558 | B297: Elliptio complanata | C297: C812 | D297: Green | E297: 22
A298: 45558 | B298: Elliptio complanata | C298: C813 | D298: Green | E298: 24
A299: 45558 | B299: Elliptio complanata | C299: C814 | D299: Green | E299: 30
A300: 45558 | B300: Elliptio complanata | C300: C815 | D300: Green | E300: 29
A301: 45558 | B301: Elliptio complanata | C301: C816 | D301: Green | E301: 22
A302: 45558 | B302: Elliptio complanata | C302: C817 | D302: Green | E302: 19
... A349: 45559 | B349: Elliptio complanata | C349: C899 | D349: Green | E349: 25
A350: 45559 | B350: Elliptio complanata | C350: C900 | D350: Green | E350: 24 | F350: *Accidentally kept behind at lab and not released
A351: 45559 | B351: Elliptio complanata | C351: C901 | D351: Green | E351: 25
A352: 45559 | B352: Elliptio complanata | C352: C902 | D352: Green | E352: 27
A353: 45559 | B353: Elliptio complanata | C353: C903 | D353: Green | E353: 21
...

Sheet 2025 Summary
A1: 2025 Mussel Release Summary
A3: Species | B3: Total Count | C3: Min. Size | D3: Max. Size | E3: Average Size
A4: Alasmidonta varicosa | B4: 77 | C4: =MIN('2025'!E7:E84) -> 19 | D4: =MAX('2025'!E7:E84) -> 29 | E4: =AVERAGE('2025'!E7:E84) -> 23.282051
A5: Elliptio complanata | B5: 7 | C5: =MIN('2025'!E86:E92) -> 19 | D5: =MAX('2025'!E86:E92) -> 66 | E5: =AVERAGE('2025'!E86:E92) -> 29.857143
A6: Elliptio fisheriana | B6: 153 | C6: =MIN('2025'!E94:E246) -> 22 | D6: =MAX('2025'!E94:E246) -> 39 | E6: =AVERAGE('2025'!E94:E246) -> 32.522876
A7: Lampsilis cardium | B7: 2089 | C7: =MIN('2025'!E248:E364) -> 14 | D7: =MAX('2025'!E248:E364) -> 29 | E7: =AVERAGE('2025'!E248:E364) -> 19.145299
A8: Lampsilis radiata | B8: 125 | C8: =MIN('2025'!E366:E490) -> 21 | D8: =MAX('2025'!E366:E490) -> 57 | E8: =AVERAGE('2025'!E366:E490) -> 28.888
A9: Ligumia nasuta | B9: 76 | C9: =MIN('2025'!E492:E569) -> 18 | D9: =MAX('2025'!E492:E569) -> 37 | E9: =AVERAGE('2025'!E492:E569) -> 24.705128
A10: Strophitus undulatus | B10: 41 | C10: =MIN('2025'!E571:E612) -> 18 | D10: =MAX('2025'!E571:E612) -> 36 | E10: =AVERAGE('2025'!E571:E612) -> 24.833333
A11: Grand Total: | B11: =SUM(B4:B10) -> 2568

Sheet 2025
A1: Tagged Mussels September 2025
A2: Release Date: | B2: 45945 | E2: Release Site: | F2: South Fork Shenandoa River, 38.852839, -78.319643
E3: Conditions: | F3: 70°F, sunny with few clouds. Water clear, 15.5°C
E4: Personnel: | F4: A. Anderson, D. Mercer
A6: Date | B6: Species | C6: Tag # | D6: Tag color | E6: Measurement (MM) | F6: Notes:
A7: 45915 | B7: Alasmidonta varicosa | C7: X466 | D7: Red | E7: 24
A8: 45915 | B8: Alasmidonta varicosa | C8: X467 | D8: Red | E8: 23
A9: 45915 | B9: Alasmidonta varicosa | C9: X468 | D9: Red | E9: 25
A10: 45915 | B10: Alasmidonta varicosa | C10: X469 | D10: Red | E10: 26
A11: 45915 | B11: Alasmidonta varicosa | C11: X470 | D11: Red | E11: 24
A12: 45915 | B12: Alasmidonta varicosa | C12: X471 | D12: Red | E12: 25
A13: 45915 | B13: Alasmidonta varicosa | C13: X472 | D13: Red | E13: 24
A14: 45915 | B14: Alasmidonta varicosa | C14: X473 | D14: Red | E14: 24
A15: 45915 | B15: Alasmidonta varicosa | C15: X474 | D15: Red | E15: 25
A16: 45915 | B16: Alasmidonta varicosa | C16: X475 | D16: Red | E16: 21
A17: 45915 | B17: Alasmidonta varicosa | C17: X476 | D17: Red | E17: 25
A18: 45915 | B18: Alasmidonta varicosa | C18: X477 | D18: Red | E18: 23
... A80: 45915 | B80: Alasmidonta varicosa | C80: X539 | D80: Red | E80: 22
A81: 45915 | B81: Alasmidonta varicosa | C81: X540 | D81: Red | E81: 20 | F81: *Accidentally kept behind at lab and not released
A82: 45922 | B82: Alasmidonta varicosa | C82: X752 | D82: Red | E82: 21
A83: 45924 | B83: Alasmidonta varicosa | C83: X770 | D83: Red | E83: 24
A84: 45924 | B84: Alasmidonta varicosa | C84: X771 | D84: Red | E84: 22
B85: Count: | C85: =COUNT(E7:E84) -> 78 | D85: Average: | E85: =AVERAGE(E7:E84) -> 23.282051 | F85: *77 A. varicosa released; 78 tagged in total, 1 accidentally kept behind at lab
A86: 45923 | B86: Elliptio complanata | C86: X764 | D86: Red | E86: 28
A87: 45923 | B87: Elliptio complanata | C87: X765 | D87: Red | E87: 22
A88: 45923 | B88: Elliptio complanata | C88: X766 | D88: Red | E88: 19
A89: 45923 | B89: Elliptio complanata | C89: X767 | D89: Red | E89: 22
A90: 45923 | B90: Elliptio complanata | C90: X768 | D90: Red | E90: 30
A91: 45926 | B91: Elliptio complanata | C91: X774 | D91: Red | E91: 66
A92: 45929 | B92: Elliptio complanata | C92: X775 | D92: Red | E92: 22
B93: Count: | C93: 7 | D93: Average: | E93: =AVERAGE(E86:E92) -> 29.857143 | F93: *7 E. complanata released; 7 tagged in total
A94: 45911 | B94: Elliptio fisheriana | C94: C412 | D94: Green | E94: 31 | F94: *Previously tagged; re-measured
A95: 45911 | B95: Elliptio fisheriana | C95: C484 | D95: Green | E95: 31 | F95: *Previously tagged; re-measured
A96: 45911 | B96: Elliptio fisheriana | C96: C413 | D96: Green | E96: 33 | F96: *Previously tagged; re-measured
A97: 45911 | B97: Elliptio fisheriana | C97: C431 | D97: Green | E97: 32 | F97: *Previously tagged; re-measured
A98: 45911 | B98: Elliptio fisheriana | C98: C430 | D98: Green | E98: 31 | F98: *Previously tagged; re-measured
A99: 45911 | B99: Elliptio fisheriana | C99: C497 | D99: Green | E99: 33 | F99: *Previously tagged; re-measured
A100: 45911 | B100: Elliptio fisheriana | C100: C429 | D100: Green | E100: 32 | F100: *Previously tagged; re-measured
A101: 45911 | B101: Elliptio fisheriana | C101: C417 | D101: Green | E101: 30 | F101: *Previously tagged; re-measured
A102: 45911 | B102: Elliptio fisheriana | C102: C451 | D102: Green | E102: 29 | F102: *Previously tagged; re-measured
A103: 45911 | B103: Elliptio fisheriana | C103: C421 | D103: Green | E103: 33 | F103: *Previously tagged; re-measured
A104: 45911 | B104: Elliptio fisheriana | C104: C449 | D104: Green | E104: 29 | F104: *Previously tagged; re-measured
A105: 45911 | B105: Elliptio fisheriana | C105: C426 | D105: Green | E105: 30 | F105: *Previously tagged; re-measured
... A108: 45911 | B108: Elliptio fisheriana | C108: C483 | D108: Green | E108: 39 | F108: *Previously tagged; re-measured
A109: 45911 | B109: Elliptio fisheriana | C109: D889 | D109: Red | E109: 33
A110: 45911 | B110: Elliptio fisheriana | C110: D890 | D110: Red | E110: 34
A111: 45911 | B111: Elliptio fisheriana | C111: D891 | D111: Red | E111: 36
A112: 45911 | B112: Elliptio fisheriana | C112: D892 | D112: Red | E112: 34
A113: 45911 | B113: Elliptio fisheriana | C113: D893 | D113: Red | E113: 31
A114: 45911 | B114: Elliptio fisheriana | C114: D894 | D114: Red | E114: 27
A115: 45911 | B115: Elliptio fisheriana | C115: D895 | D115: Red | E115: 31
A116: 45911 | B116: Elliptio fisheriana | C116: D896 | D116: Red | E116: 29
A117: 45911 | B117: Elliptio fisheriana | C117: D897 | D117: Red | E117: 37
A118: 45911 | B118: Elliptio fisheriana | C118: D898 | D118: Red | E118: 28
A119: 45911 | B119: Elliptio fisheriana | C119: D899 | D119: Red | E119: 30
A120: 45911 | B120: Elliptio fisheriana | C120: D900 | D120: Red | E120: 34
... A246: 45924 | B246: Elliptio fisheriana | C246: X769 | D246: Red | E246: 35
B247: Count: | C247: =COUNT(E94:E246) -> 153 | D247: Average: | E247: =AVERAGE(E94:E246) -> 32.522876 | F247: *153 E. fisheriana released; 153 tagged in total
A248: 45923 | B248: Lampsilis cardium | D248: Black glue | E248: 14
A249: 45923 | B249: Lampsilis cardium | D249: Black glue | E249: 28
A250: 45923 | B250: Lampsilis cardium | D250: Black glue | E250: 20
A251: 45923 | B251: Lampsilis cardium | D251: Black glue | E251: 23
A252: 45923 | B252: Lampsilis cardium | D252: Black glue | E252: 20
A253: 45923 | B253: Lampsilis cardium | D253: Black glue | E253: 22
A254: 45923 | B254: Lampsilis cardium | D254: Black glue | E254: 17
A255: 45923 | B255: Lampsilis cardium | D255: Black glue | E255: 27
A256: 45923 | B256: Lampsilis cardium | D256: Black glue | E256: 23
A257: 45923 | B257: Lampsilis cardium | D257: Black glue | E257: 18
A258: 45923 | B258: Lampsilis cardium | D258: Black glue | E258: 25
A259: 45923 | B259: Lampsilis cardium | D259: Black glue | E259: 16
... A364: 45932 | B364: Lampsilis cardium | D364: Black glue | E364: 21
B365: Count: | C365: 2151 | D365: Average: | E365: =AVERAGE(E248:E364) -> 19.145299 | F365: *2089 L. cardium released; 2154 tagged in total, 1 accidentally kept behind at lab, 61 died between tagging and release
A366: 45918 | B366: Lampsilis radiata | C366: C766 | D366: Green | E366: 55
A367: 45918 | B367: Lampsilis radiata | C367: X615 | D367: Red | E367: 57
A368: 45918 | B368: Lampsilis radiata | C368: X616 | D368: Red | E368: 27
A369: 45918 | B369: Lampsilis radiata | C369: X617 | D369: Red | E369: 28
A370: 45918 | B370: Lampsilis radiata | C370: X618 | D370: Red | E370: 28
A371: 45918 | B371: Lampsilis radiata | C371: X619 | D371: Red | E371: 27
A372: 45918 | B372: Lampsilis radiata | C372: X620 | D372: Red | E372: 29
A373: 45918 | B373: Lampsilis radiata | C373: X621 | D373: Red | E373: 31
A374: 45918 | B374: Lampsilis radiata | C374: X622 | D374: Red | E374: 32
A375: 45918 | B375: Lampsilis radiata | C375: X623 | D375: Red | E375: 23
A376: 45918 | B376: Lampsilis radiata | C376: X624 | D376: Red | E376: 27
A377: 45918 | B377: Lampsilis radiata | C377: X625 | D377: Red | E377: 28
... A490: 45918 | B490: Lampsilis radiata | C490: X738 | D490: Red | E490: 25
B491: Count: | C491: =COUNT(E366:E490) -> 125 | D491: Average: | E491: =AVERAGE(E366:E490) -> 28.888 | F491: *125 L. radiata released; 125 tagged in total
A492: 45916 | B492: Ligumia nasuta | C492: X570 | D492: Red | E492: 27
A493: 45916 | B493: Ligumia nasuta | C493: X571 | D493: Red | E493: 25
A494: 45916 | B494: Ligumia nasuta | C494: X572 | D494: Red | E494: 22
A495: 45916 | B495: Ligumia nasuta | C495: X573 | D495: Red | E495: 21
A496: 45916 | B496: Ligumia nasuta | C496: X574 | D496: Red | E496: 21
A497: 45916 | B497: Ligumia nasuta | C497: X575 | D497: Red | E497: 24
A498: 45916 | B498: Ligumia nasuta | C498: X576 | D498: Red | E498: 23
A499: 45916 | B499: Ligumia nasuta | C499: X577 | D499: Red | E499: 20
A500: 45916 | B500: Ligumia nasuta | C500: X578 | D500: Red | E500: 19 | F500: *Accidentally kept behind at lab and not released
A501: 45916 | B501: Ligumia nasuta | C501: X579 | D501: Red | E501: 20
A502: 45916 | B502: Ligumia nasuta | C502: X580 | D502: Red | E502: 23
A503: 45916 | B503: Ligumia nasuta | C503: X581 | D503: Red | E503: 21
A504: 45916 | B504: Ligumia nasuta | C504: X582 | D504: Red | E504: 22
A505: 45916 | B505: Ligumia nasuta | C505: X583 | D505: Red | E505: 19
...
